{"train_samples_per_second":2.173,"_wandb":{"runtime":267},"_timestamp":1.7472894061874864e+09,"train/learning_rate":1.0000000000000002e-06,"train/epoch":0.04755300178323757,"_runtime":265.433148176,"total_flos":4.163969166360576e+15,"train/grad_norm":0.8771962523460388,"train_runtime":220.8726,"train/loss":1.4313,"train_steps_per_second":0.272,"_step":60,"train_loss":1.5152827103932698,"train/global_step":60}