{"train/epoch":0.04755300178323757,"_timestamp":1.7472941823932998e+09,"train_steps_per_second":0.118,"_runtime":506.835198009,"train/learning_rate":1.0000000000000002e-06,"train/global_step":60,"train/grad_norm":0.4804916977882385,"_step":60,"_wandb":{"runtime":510},"total_flos":1.3914552437735424e+16,"train/loss":2.035,"train_samples_per_second":0.946,"train_loss":2.1124655971924464,"train_runtime":507.3192}