{"train/epoch":0.2376237623762376,"total_flos":2.254913509933056e+16,"_runtime":713.405403926,"train/loss":1.3117,"train_samples_per_second":3.362,"_timestamp":1.7472957263749719e+09,"train_loss":1.2806618491808572,"train/learning_rate":1.0000000000000002e-06,"train_steps_per_second":0.084,"train_runtime":713.8873,"_wandb":{"runtime":716},"_step":60,"train/grad_norm":0.5457487106323242,"train/global_step":60}